,accuracy,precision,recall,f1,training time
0,0.4883720930232558,0.6,0.06666666666666667,0.12,1871.5614776611328
1,0.5116279069767442,0.8,0.08888888888888889,0.16,1877.3121128082275
2,0.5930232558139535,0.6,0.6666666666666666,0.631578947368421,1903.4158055782318
3,0.5,0.75,0.06666666666666667,0.12244897959183673,1871.4090039730072
4,0.5697674418604651,0.5952380952380952,0.5555555555555556,0.5747126436781609,1882.1922001838684
