,accuracy,precision,recall,f1,training time
0,0.6511627906976745,0.5238095238095238,0.6875,0.5945945945945946,1902.1005721092224
1,0.7093023255813954,0.5813953488372093,0.78125,0.6666666666666666,1877.7285087108612
2,0.6511627906976745,0.5227272727272727,0.71875,0.6052631578947368,1894.7916886806488
3,0.6744186046511628,0.5476190476190477,0.71875,0.6216216216216216,1848.5873608589172
4,0.686046511627907,0.5609756097560976,0.71875,0.6301369863013698,1897.3023610115051
